question,answer,predicted_option,confidence,supporting_evidence,options
What is Compliance management?,"Based on the knowledge graph, the question relates to: incident management, network management.

",,0.4,,
What is risk management?,"Based on the knowledge graph, the question relates to: risk, Risk Assessment, incident management.

",,0.8,,
What are the components of risk management?,"Based on the knowledge graph, the question relates to: risk, Risk Assessment, incident management.

",,0.8,,
Why is risk management important?,"Based on the knowledge graph, the question relates to: risk, Port, Risk Assessment.

Relevant information:
- live hosts has_a open ports
- open ports can_analyze OS
- three-way handshake has_a port scanner
- port scanner has_a connection
- high UDP ports can_analyze hidden RPC services
",,1.0,live hosts has_a open ports | open ports can_analyze OS | three-way handshake has_a port scanner | port scanner has_a connection | high UDP ports can_analyze hidden RPC services,
How does risk management work?,"Based on the knowledge graph, the question relates to: risk, Risk Assessment, incident management.

",,0.8,,
What are the benefits of risk management?,"Based on the knowledge graph, the question relates to: risk, Risk Assessment, incident management.

",,0.8,,
How does compliance management work?,"Based on the knowledge graph, the question relates to: incident management, network management.

",,0.4,,
Why is compliance management important?,"Based on the knowledge graph, the question relates to: Port, incident management, network management.

Relevant information:
- live hosts has_a open ports
- open ports can_analyze OS
- three-way handshake has_a port scanner
- port scanner has_a connection
- high UDP ports can_analyze hidden RPC services
",,0.6000000000000001,live hosts has_a open ports | open ports can_analyze OS | three-way handshake has_a port scanner | port scanner has_a connection | high UDP ports can_analyze hidden RPC services,
What are the benefits of compliance management?,"Based on the knowledge graph, the question relates to: incident management, network management.

",,0.4,,
How does GRC work?,,,0.0,,
Why is GRC important?,"Based on the knowledge graph, the question relates to: Port.

Relevant information:
- live hosts has_a open ports
- open ports can_analyze OS
- three-way handshake has_a port scanner
- port scanner has_a connection
- high UDP ports can_analyze hidden RPC services
",,0.2,live hosts has_a open ports | open ports can_analyze OS | three-way handshake has_a port scanner | port scanner has_a connection | high UDP ports can_analyze hidden RPC services,
What are the benefits of GRC?,,,0.0,,
How does enterprise risk management work?,"Based on the knowledge graph, the question relates to: risk, Risk Assessment, incident management.

",,0.8,,
Why is enterprise risk management important?,"Based on the knowledge graph, the question relates to: risk, Port, Risk Assessment.

Relevant information:
- live hosts has_a open ports
- open ports can_analyze OS
- three-way handshake has_a port scanner
- port scanner has_a connection
- high UDP ports can_analyze hidden RPC services
",,1.0,live hosts has_a open ports | open ports can_analyze OS | three-way handshake has_a port scanner | port scanner has_a connection | high UDP ports can_analyze hidden RPC services,
What are the benefits of enterprise risk management?,"Based on the knowledge graph, the question relates to: risk, Risk Assessment, incident management.

",,0.8,,
What is cybersecurity?,"Based on the knowledge graph, the question relates to: cybersecurity, security.

Relevant information:
- Nmap uses security auditing
- Nmap uses IoT security
- site can_expose security vulnerabilities
- IPS security has_a Firewall
- attackers can_exploit security holes
",,0.4,Nmap uses security auditing | Nmap uses IoT security | site can_expose security vulnerabilities | IPS security has_a Firewall | attackers can_exploit security holes,
How does cybersecurity work?,"Based on the knowledge graph, the question relates to: cybersecurity, security.

Relevant information:
- Nmap uses security auditing
- Nmap uses IoT security
- site can_expose security vulnerabilities
- IPS security has_a Firewall
- attackers can_exploit security holes
",,0.4,Nmap uses security auditing | Nmap uses IoT security | site can_expose security vulnerabilities | IPS security has_a Firewall | attackers can_exploit security holes,
Why is cybersecurity important?,"Based on the knowledge graph, the question relates to: cybersecurity, Port, security.

Relevant information:
- live hosts has_a open ports
- open ports can_analyze OS
- three-way handshake has_a port scanner
- port scanner has_a connection
- high UDP ports can_analyze hidden RPC services
",,0.6000000000000001,live hosts has_a open ports | open ports can_analyze OS | three-way handshake has_a port scanner | port scanner has_a connection | high UDP ports can_analyze hidden RPC services,
What are the benefits of cybersecurity?,"Based on the knowledge graph, the question relates to: cybersecurity, security.

Relevant information:
- Nmap uses security auditing
- Nmap uses IoT security
- site can_expose security vulnerabilities
- IPS security has_a Firewall
- attackers can_exploit security holes
",,0.4,Nmap uses security auditing | Nmap uses IoT security | site can_expose security vulnerabilities | IPS security has_a Firewall | attackers can_exploit security holes,
What is vulnerability?,"Based on the knowledge graph, the question relates to: vuln, Vulnerabilities, network vulnerabilities.

Relevant information:
- probe can_analyze network vulnerabilities
- site can_expose security vulnerabilities
- Nmap can_analyze vuln
- explore can_analyze vulnerabilities
- pen tester can_detect configuration vulnerabilities
",,1.0,probe can_analyze network vulnerabilities | site can_expose security vulnerabilities | Nmap can_analyze vuln | explore can_analyze vulnerabilities | pen tester can_detect configuration vulnerabilities,
How does vulnerability work?,"Based on the knowledge graph, the question relates to: vuln, Vulnerabilities, network vulnerabilities.

Relevant information:
- probe can_analyze network vulnerabilities
- site can_expose security vulnerabilities
- Nmap can_analyze vuln
- explore can_analyze vulnerabilities
- pen tester can_detect configuration vulnerabilities
",,1.0,probe can_analyze network vulnerabilities | site can_expose security vulnerabilities | Nmap can_analyze vuln | explore can_analyze vulnerabilities | pen tester can_detect configuration vulnerabilities,
Why is vulnerability important?,"Based on the knowledge graph, the question relates to: vuln, Port, Vulnerabilities.

Relevant information:
- probe can_analyze network vulnerabilities
- site can_expose security vulnerabilities
- Nmap can_analyze vuln
- explore can_analyze vulnerabilities
- pen tester can_detect configuration vulnerabilities
",,1.0,probe can_analyze network vulnerabilities | site can_expose security vulnerabilities | Nmap can_analyze vuln | explore can_analyze vulnerabilities | pen tester can_detect configuration vulnerabilities,
What are the benefits of vulnerability?,"Based on the knowledge graph, the question relates to: vuln, Vulnerabilities, network vulnerabilities.

Relevant information:
- probe can_analyze network vulnerabilities
- site can_expose security vulnerabilities
- Nmap can_analyze vuln
- explore can_analyze vulnerabilities
- pen tester can_detect configuration vulnerabilities
",,1.0,probe can_analyze network vulnerabilities | site can_expose security vulnerabilities | Nmap can_analyze vuln | explore can_analyze vulnerabilities | pen tester can_detect configuration vulnerabilities,
What is threat?,,,0.0,,
How does threat work?,,,0.0,,
Why is threat important?,"Based on the knowledge graph, the question relates to: Port.

Relevant information:
- live hosts has_a open ports
- open ports can_analyze OS
- three-way handshake has_a port scanner
- port scanner has_a connection
- high UDP ports can_analyze hidden RPC services
",,0.2,live hosts has_a open ports | open ports can_analyze OS | three-way handshake has_a port scanner | port scanner has_a connection | high UDP ports can_analyze hidden RPC services,
What are the benefits of threat?,,,0.0,,
What is compliance framework?,"Based on the knowledge graph, the question relates to: Metasploit framework, MSF (Metasploit framework), Metasploit Framework (msf).

Relevant information:
- Nmap is_part_of Metasploit framework
- Metasploit framework uses probe
- hping3 is_part_of MSF Metasploit framework
- MSF Metasploit framework is_part_of tcpdump
- Nmap is_part_of Metasploit Framework
",,0.6000000000000001,Nmap is_part_of Metasploit framework | Metasploit framework uses probe | hping3 is_part_of MSF Metasploit framework | MSF Metasploit framework is_part_of tcpdump | Nmap is_part_of Metasploit Framework,
How does compliance framework work?,"Based on the knowledge graph, the question relates to: Metasploit framework, MSF (Metasploit framework), Metasploit Framework (msf).

Relevant information:
- Nmap is_part_of Metasploit framework
- Metasploit framework uses probe
- hping3 is_part_of MSF Metasploit framework
- MSF Metasploit framework is_part_of tcpdump
- Nmap is_part_of Metasploit Framework
",,0.6000000000000001,Nmap is_part_of Metasploit framework | Metasploit framework uses probe | hping3 is_part_of MSF Metasploit framework | MSF Metasploit framework is_part_of tcpdump | Nmap is_part_of Metasploit Framework,
Why is compliance framework important?,"Based on the knowledge graph, the question relates to: Port, Metasploit framework, MSF (Metasploit framework).

Relevant information:
- live hosts has_a open ports
- open ports can_analyze OS
- three-way handshake has_a port scanner
- port scanner has_a connection
- high UDP ports can_analyze hidden RPC services
",,0.8,live hosts has_a open ports | open ports can_analyze OS | three-way handshake has_a port scanner | port scanner has_a connection | high UDP ports can_analyze hidden RPC services,
What are the benefits of compliance framework?,"Based on the knowledge graph, the question relates to: Metasploit framework, MSF (Metasploit framework), Metasploit Framework (msf).

Relevant information:
- Nmap is_part_of Metasploit framework
- Metasploit framework uses probe
- hping3 is_part_of MSF Metasploit framework
- MSF Metasploit framework is_part_of tcpdump
- Nmap is_part_of Metasploit Framework
",,0.6000000000000001,Nmap is_part_of Metasploit framework | Metasploit framework uses probe | hping3 is_part_of MSF Metasploit framework | MSF Metasploit framework is_part_of tcpdump | Nmap is_part_of Metasploit Framework,
What is regulatory compliance?,,,0.0,,
How does regulatory compliance work?,,,0.0,,
Why is regulatory compliance important?,"Based on the knowledge graph, the question relates to: Port.

Relevant information:
- live hosts has_a open ports
- open ports can_analyze OS
- three-way handshake has_a port scanner
- port scanner has_a connection
- high UDP ports can_analyze hidden RPC services
",,0.2,live hosts has_a open ports | open ports can_analyze OS | three-way handshake has_a port scanner | port scanner has_a connection | high UDP ports can_analyze hidden RPC services,
What are the benefits of regulatory compliance?,,,0.0,,
What is data privacy?,"Based on the knowledge graph, the question relates to: Data, packet data, data packets.

Relevant information:
- Snort has_a data flow
- Preprocessor can_analyze packet data
- packet logger can_analyze data
- payload options can_analyze data
- Nmap can_analyze data
",,1.0,Snort has_a data flow | Preprocessor can_analyze packet data | packet logger can_analyze data | payload options can_analyze data | Nmap can_analyze data,
How does data privacy work?,"Based on the knowledge graph, the question relates to: Data, packet data, data packets.

Relevant information:
- Snort has_a data flow
- Preprocessor can_analyze packet data
- packet logger can_analyze data
- payload options can_analyze data
- Nmap can_analyze data
",,1.0,Snort has_a data flow | Preprocessor can_analyze packet data | packet logger can_analyze data | payload options can_analyze data | Nmap can_analyze data,
Why is data privacy important?,"Based on the knowledge graph, the question relates to: Data, Port, packet data.

Relevant information:
- Snort has_a data flow
- Preprocessor can_analyze packet data
- packet logger can_analyze data
- payload options can_analyze data
- Nmap can_analyze data
",,1.0,Snort has_a data flow | Preprocessor can_analyze packet data | packet logger can_analyze data | payload options can_analyze data | Nmap can_analyze data,
What are the benefits of data privacy?,"Based on the knowledge graph, the question relates to: Data, packet data, data packets.

Relevant information:
- Snort has_a data flow
- Preprocessor can_analyze packet data
- packet logger can_analyze data
- payload options can_analyze data
- Nmap can_analyze data
",,1.0,Snort has_a data flow | Preprocessor can_analyze packet data | packet logger can_analyze data | payload options can_analyze data | Nmap can_analyze data,
What is GDPR?,,,0.0,,
How does GDPR work?,,,0.0,,
Why is GDPR important?,"Based on the knowledge graph, the question relates to: Port.

Relevant information:
- live hosts has_a open ports
- open ports can_analyze OS
- three-way handshake has_a port scanner
- port scanner has_a connection
- high UDP ports can_analyze hidden RPC services
",,0.2,live hosts has_a open ports | open ports can_analyze OS | three-way handshake has_a port scanner | port scanner has_a connection | high UDP ports can_analyze hidden RPC services,
What are the benefits of GDPR?,,,0.0,,
What is HIPAA?,"Based on the knowledge graph, the question relates to: IP.

Relevant information:
- Detection alert can_analyze IP packets
- tool can_analyze IP packets
- networks has_a IP
- administrators can_analyze IP
- scripts has_a automate
",,0.2,Detection alert can_analyze IP packets | tool can_analyze IP packets | networks has_a IP | administrators can_analyze IP | scripts has_a automate,
How does HIPAA work?,"Based on the knowledge graph, the question relates to: IP.

Relevant information:
- Detection alert can_analyze IP packets
- tool can_analyze IP packets
- networks has_a IP
- administrators can_analyze IP
- scripts has_a automate
",,0.2,Detection alert can_analyze IP packets | tool can_analyze IP packets | networks has_a IP | administrators can_analyze IP | scripts has_a automate,
Why is HIPAA important?,"Based on the knowledge graph, the question relates to: Port, IP.

Relevant information:
- live hosts has_a open ports
- open ports can_analyze OS
- three-way handshake has_a port scanner
- port scanner has_a connection
- high UDP ports can_analyze hidden RPC services
",,0.4,live hosts has_a open ports | open ports can_analyze OS | three-way handshake has_a port scanner | port scanner has_a connection | high UDP ports can_analyze hidden RPC services,
What are the benefits of HIPAA?,"Based on the knowledge graph, the question relates to: IP.

Relevant information:
- Detection alert can_analyze IP packets
- tool can_analyze IP packets
- networks has_a IP
- administrators can_analyze IP
- scripts has_a automate
",,0.2,Detection alert can_analyze IP packets | tool can_analyze IP packets | networks has_a IP | administrators can_analyze IP | scripts has_a automate,
What is NIST?,,,0.0,,
How does NIST work?,,,0.0,,
Why is NIST important?,"Based on the knowledge graph, the question relates to: Port.

Relevant information:
- live hosts has_a open ports
- open ports can_analyze OS
- three-way handshake has_a port scanner
- port scanner has_a connection
- high UDP ports can_analyze hidden RPC services
",,0.2,live hosts has_a open ports | open ports can_analyze OS | three-way handshake has_a port scanner | port scanner has_a connection | high UDP ports can_analyze hidden RPC services,
What are the benefits of NIST?,,,0.0,,
What is ISO 27001?,"Based on the knowledge graph, the question relates to: 270, 700, 1.

Relevant information:
- IPS has_a port 113
- unified2 is_part_of Snort
- Metasploitable 2 can_expose vulnerable
- username/password can_analyze Metasploitable 2
- Metasploitable 2 has_a msfadmin/msfadmin
",,1.0,IPS has_a port 113 | unified2 is_part_of Snort | Metasploitable 2 can_expose vulnerable | username/password can_analyze Metasploitable 2 | Metasploitable 2 has_a msfadmin/msfadmin,
How does ISO 27001 work?,"Based on the knowledge graph, the question relates to: 270, 700, 1.

Relevant information:
- IPS has_a port 113
- unified2 is_part_of Snort
- Metasploitable 2 can_expose vulnerable
- username/password can_analyze Metasploitable 2
- Metasploitable 2 has_a msfadmin/msfadmin
",,1.0,IPS has_a port 113 | unified2 is_part_of Snort | Metasploitable 2 can_expose vulnerable | username/password can_analyze Metasploitable 2 | Metasploitable 2 has_a msfadmin/msfadmin,
Why is ISO 27001 important?,"Based on the knowledge graph, the question relates to: Port, 270, 700.

Relevant information:
- live hosts has_a open ports
- open ports can_analyze OS
- three-way handshake has_a port scanner
- port scanner has_a connection
- high UDP ports can_analyze hidden RPC services
",,1.0,live hosts has_a open ports | open ports can_analyze OS | three-way handshake has_a port scanner | port scanner has_a connection | high UDP ports can_analyze hidden RPC services,
What are the benefits of ISO 27001?,"Based on the knowledge graph, the question relates to: 270, 700, 1.

Relevant information:
- IPS has_a port 113
- unified2 is_part_of Snort
- Metasploitable 2 can_expose vulnerable
- username/password can_analyze Metasploitable 2
- Metasploitable 2 has_a msfadmin/msfadmin
",,1.0,IPS has_a port 113 | unified2 is_part_of Snort | Metasploitable 2 can_expose vulnerable | username/password can_analyze Metasploitable 2 | Metasploitable 2 has_a msfadmin/msfadmin,
What is cyber insurance?,"Based on the knowledge graph, the question relates to: cyber defenders.

",,0.2,,
How does cyber insurance work?,"Based on the knowledge graph, the question relates to: cyber defenders.

",,0.2,,
Why is cyber insurance important?,"Based on the knowledge graph, the question relates to: Port, cyber defenders.

Relevant information:
- live hosts has_a open ports
- open ports can_analyze OS
- three-way handshake has_a port scanner
- port scanner has_a connection
- high UDP ports can_analyze hidden RPC services
",,0.4,live hosts has_a open ports | open ports can_analyze OS | three-way handshake has_a port scanner | port scanner has_a connection | high UDP ports can_analyze hidden RPC services,
What are the benefits of cyber insurance?,"Based on the knowledge graph, the question relates to: cyber defenders.

",,0.2,,
What is risk assessment?,"Based on the knowledge graph, the question relates to: Risk Assessment, risk, performance assessments.

",,0.8,,
How does risk assessment work?,"Based on the knowledge graph, the question relates to: Risk Assessment, risk, performance assessments.

",,0.8,,
Why is risk assessment important?,"Based on the knowledge graph, the question relates to: Risk Assessment, risk, Port.

Relevant information:
- live hosts has_a open ports
- open ports can_analyze OS
- three-way handshake has_a port scanner
- port scanner has_a connection
- high UDP ports can_analyze hidden RPC services
",,1.0,live hosts has_a open ports | open ports can_analyze OS | three-way handshake has_a port scanner | port scanner has_a connection | high UDP ports can_analyze hidden RPC services,
What are the benefits of risk assessment?,"Based on the knowledge graph, the question relates to: Risk Assessment, risk, performance assessments.

",,0.8,,
What is compliance audit?,,,0.0,,
How does compliance audit work?,,,0.0,,
Why is compliance audit important?,"Based on the knowledge graph, the question relates to: Port.

Relevant information:
- live hosts has_a open ports
- open ports can_analyze OS
- three-way handshake has_a port scanner
- port scanner has_a connection
- high UDP ports can_analyze hidden RPC services
",,0.2,live hosts has_a open ports | open ports can_analyze OS | three-way handshake has_a port scanner | port scanner has_a connection | high UDP ports can_analyze hidden RPC services,
What are the benefits of compliance audit?,,,0.0,,
How does supply chain risk work?,"Based on the knowledge graph, the question relates to: risk, Risk Assessment.

",,0.4,,
Why is supply chain risk important?,"Based on the knowledge graph, the question relates to: risk, Port, Risk Assessment.

Relevant information:
- live hosts has_a open ports
- open ports can_analyze OS
- three-way handshake has_a port scanner
- port scanner has_a connection
- high UDP ports can_analyze hidden RPC services
",,0.6000000000000001,live hosts has_a open ports | open ports can_analyze OS | three-way handshake has_a port scanner | port scanner has_a connection | high UDP ports can_analyze hidden RPC services,
What are the benefits of supply chain risk?,"Based on the knowledge graph, the question relates to: risk, Risk Assessment.

",,0.4,,
What is shadow IT?,"Based on the knowledge graph, the question relates to: Sha.

Relevant information:
- Wireshark can_analyze tcpdump pcap
- three-way handshake has_a port scanner
- 3-way handshake can_analyze scanned
- command can_analyze adobe_flash_shader_drawing_fill exploit
",,0.2,Wireshark can_analyze tcpdump pcap | three-way handshake has_a port scanner | 3-way handshake can_analyze scanned | command can_analyze adobe_flash_shader_drawing_fill exploit,
How does shadow IT work?,"Based on the knowledge graph, the question relates to: Sha.

Relevant information:
- Wireshark can_analyze tcpdump pcap
- three-way handshake has_a port scanner
- 3-way handshake can_analyze scanned
- command can_analyze adobe_flash_shader_drawing_fill exploit
",,0.2,Wireshark can_analyze tcpdump pcap | three-way handshake has_a port scanner | 3-way handshake can_analyze scanned | command can_analyze adobe_flash_shader_drawing_fill exploit,
Why is shadow IT important?,"Based on the knowledge graph, the question relates to: Sha, Port.

Relevant information:
- Wireshark can_analyze tcpdump pcap
- three-way handshake has_a port scanner
- 3-way handshake can_analyze scanned
- command can_analyze adobe_flash_shader_drawing_fill exploit
- live hosts has_a open ports
",,0.4,Wireshark can_analyze tcpdump pcap | three-way handshake has_a port scanner | 3-way handshake can_analyze scanned | command can_analyze adobe_flash_shader_drawing_fill exploit | live hosts has_a open ports,
What are the benefits of shadow IT?,"Based on the knowledge graph, the question relates to: Sha.

Relevant information:
- Wireshark can_analyze tcpdump pcap
- three-way handshake has_a port scanner
- 3-way handshake can_analyze scanned
- command can_analyze adobe_flash_shader_drawing_fill exploit
",,0.2,Wireshark can_analyze tcpdump pcap | three-way handshake has_a port scanner | 3-way handshake can_analyze scanned | command can_analyze adobe_flash_shader_drawing_fill exploit,
What is zero trust?,,,0.0,,
How does zero trust work?,,,0.0,,
Why is zero trust important?,"Based on the knowledge graph, the question relates to: Port.

Relevant information:
- live hosts has_a open ports
- open ports can_analyze OS
- three-way handshake has_a port scanner
- port scanner has_a connection
- high UDP ports can_analyze hidden RPC services
",,0.2,live hosts has_a open ports | open ports can_analyze OS | three-way handshake has_a port scanner | port scanner has_a connection | high UDP ports can_analyze hidden RPC services,
What are the benefits of zero trust?,,,0.0,,
What is CISA KEV?,,,0.0,,
How does CISA KEV work?,,,0.0,,
Why is CISA KEV important?,"Based on the knowledge graph, the question relates to: Port.

Relevant information:
- live hosts has_a open ports
- open ports can_analyze OS
- three-way handshake has_a port scanner
- port scanner has_a connection
- high UDP ports can_analyze hidden RPC services
",,0.2,live hosts has_a open ports | open ports can_analyze OS | three-way handshake has_a port scanner | port scanner has_a connection | high UDP ports can_analyze hidden RPC services,
What are the benefits of CISA KEV?,,,0.0,,
What is SBOM?,,,0.0,,
How does SBOM work?,,,0.0,,
Why is SBOM important?,"Based on the knowledge graph, the question relates to: Port.

Relevant information:
- live hosts has_a open ports
- open ports can_analyze OS
- three-way handshake has_a port scanner
- port scanner has_a connection
- high UDP ports can_analyze hidden RPC services
",,0.2,live hosts has_a open ports | open ports can_analyze OS | three-way handshake has_a port scanner | port scanner has_a connection | high UDP ports can_analyze hidden RPC services,
What are the benefits of SBOM?,,,0.0,,
